word,meaning,appeared,missed
abbreviation,n.縮語,1,0
abide,v.遵守,1,0
abnormal,adj.反常的,1,0
abolish,v.廢除,1,0
abolition,n.廢除,2,1
aboriginal,adj.原住民的,1,0
aborigine,n. 原著居民,2,1
abortion,n.墮胎,2,1
absorbing,adj.極有趣的,2,1
abstraction,n.心不在焉／抽象概念,2,2
absurd,adj.荒唐的,1,1
abundance,n.豐富,1,0
acceleration,n.加速,1,0
accessible,adj.易接近的,1,0
accessory,n.附件,1,0
acclaim,v./n.歡呼；歡呼聲,1,0
accommodation,n.住所,1,0
accomplished,adj.有才藝的,1,1
accomplishment,n. [C]才藝；[U]完成,1,0
accord,v.符合,1,1
accordingly,adv. 因此,1,1
accountable,adj. 負有責任的,1,1
accounting,n.會計學,1,0
accumulate,v. 累積,1,1
accumulation,n.累積,1,1
accusation,n.控訴,0,0
accustom,v.使習慣,0,0
ace,n.一點(撲克牌)；能手,0,0
acoustic,adj.聽覺的,0,0
acreage,n.英畝數,0,0
acute,adj.敏銳的,0,0
ad,n.廣告,0,0
adaptation,n.適應；改編(本),0,0
addict,n.對∼有癮的人,0,0
addiction,n.耽溺,0,0
adequately,adv.充分地,0,0
adjoin,v.毗連,0,0
administrative,adj.行政的,0,0
administrator,n.行政官員,0,0
admiral,n.海軍將官,0,0
adolescence,n.青春期,0,0
adolescent,adj./n.青春期的；青少年,0,0
advancement,n.前進；擢升,0,0
adverse,adj.反對的,0,0
advert,v.提及,0,0
advertising,n.廣告業,0,0
advisory,adj.提供忠告的,0,0
advocate,n./v.提倡者；擁護,0,0
aerospace,n.航空太空(包括大氣層內外),0,0
aesthetic,adj.美感的,0,0
affection,n.愛情,0,0
affiliated,adj.相關聯的,0,0
aftermath,n.餘波,0,0
agenda,n.議程,0,0
aggregate,n.總數,0,0
aggression,n.侵略,0,0
aging,adj.變老的,0,0
agony,n.痛苦,0,0
aide,n.助理,0,0
airforce,n.空軍,0,0
air-tight,adj.密封的,0,0
airway,n.航空公司；航線,0,0
aisle,n.通道,0,0
akin,adj.類似的,0,0
alarming,adj.令人憂心的,0,0
alas,interj.哎呀(表悲傷或恐懼),0,0
albeit,adv.儘管,0,0
alcoholic,n./adj.酒精飲料；含酒精的,0,0
algebra,n.代數,0,0
alien,adj.外國的,0,0
alienate,v.使不和,0,0
alienation,n.離間；疏遠,0,0
allegation,n.宣稱,0,0
allege,v.聲稱,0,0
allergy,n.過敏性反應,0,0
alliance,n.聯盟,0,0
allied,adj.同盟的,0,0
allocate,v.撥給,0,0
allocation,n.配給,0,0
allot,v. 分配,0,0
alongside,prep./adv.靠著…旁邊,0,0
alteration,adj.更動,0,0
alternate,adj./v. 輪流的,0,0
alternative,adj.替代的；二擇一的,0,0
alternatively,adv.二擇一地,0,0
altitude,n.高度,0,0
aluminum,n.鋁,0,0
amazing,adj.令人驚訝的,0,0
ambiguity,n.意義含糊,0,0
ambiguous,adj.含糊的,0,0
ambush,v.埋伏突擊,0,0
amend,v.修改,0,0
amid,prep.在…當中,0,0
ammunition,n.彈藥,0,0
amnesty,n.大赦,0,0
analects,n.語錄,0,0
analogy,n.相似,0,0
analyst,n.分析家,0,0
ancestral,adj.祖先的,0,0
anchor,n.錨,0,0
anecdote,n.軼事,0,0
angler,n.釣魚者,0,0
angular,adj.有尖角的,0,0
anonymous,adj.不具名的,0,0
amenna,n.觸鬚；天線,0,0
anthem,n.聖歌,0,0
antibiotic,n.抗生素,0,0
antibody,n.抗體,0,0
anticipation,n.期盼,0,0
antique,adj.年代久遠的,0,0
anymore,adv.再也(不),0,0
appal,v.(=appall)使驚駭,0,0
appalling,adj.令人恐懼的,0,0
appealing,adj.迷人的,0,0
appetizer,n.(主菜前用的) 開胃食物,0,0
applaud,v.鼓掌,0,0
applause,n.掌聲,0,0
applicable,adj.適用的,0,0
appraisal,n.評價,0,0
apprehension,n.憂慮,0,0
apprentice,n.學徒,0,0
apt,adj.有…傾向的,0,0
aptitude,n.資質,0,0
aquarium,n.水族館,0,0
archaeology,n.考古學,0,0
archive,n.檔案,0,0
arena,n.活動場所(供運動、娛樂的),0,0
armed,adj.武裝的,0,0
array,n.一長列,0,0
arrogant,adj.傲慢的,0,0
articulate,v.清楚的表達,0,0
artillery,n.大砲,0,0
ascertain,v.查明,0,0
ascribe,v.把…歸因於,0,0
aspiration,n.願望,0,0
aspirin,n.阿斯匹靈,0,0
aspiring,adj.有抱負的,0,0
ass,n.驢；蠢人,0,0
assassinate,v.行刺,0,0
assault,n.攻擊,0,0
assertion,n.紙張,0,0
assertive,adj.武斷的,0,0
assertively,adv.武斷地,0,0
asset,n.資產,0,0
associate,n.夥伴,0,0
astonish,v.使驚訝,0,0
astronomy,n.天文學,0,0
asylum,n.庇護(所),0,0
attainment,n.達到,0,0
attendant,n.服務員,0,0
attic,n.閣樓,0,0
auction,n.拍賣,0,0
audio,adj.可聽頻率的,0,0
audio-visual,adj.視聽的,0,0
auditorium,n.禮堂,0,0
Australia,prop./n.澳洲,0,0
autobiography,n.自傳,0,0
automatically,adv.自動地,0,0
autonomy,n.自治(權),0,0
availability,n.有效,0,0
avenge,v.報…之仇,0,0
aviation,n.航空(學),0,0
awaking,adj.使人覺醒的,0,0
awkwardly,adv.笨拙地,0,0
ax,n.斧頭,0,0
baby-sitter,n.保姆,0,0
bachelor,n.單身漢；學士,0,0
badminton,n.羽毛球,0,0
bail,n.保釋(金),0,0
bald,adj.禿的,0,0
ballad,n.民謠,0,0
ballot,n.無記名投票,0,0
ballroom,n.舞廳,0,0
ban,v.禁止,0,0
banker,n.銀行家,0,0
banquet,n.宴會,0,0
baptism,n.洗禮,0,0
barbarian,n.野蠻人,0,0
bargaining,n.議價,0,0
barkeeper,n.酒吧主人,0,0
bartender,n.酒保,0,0
based,adj.以…為基礎的,0,0
bass,n.低音部,0,0
bastard,n.私生子；令人討厭的人,0,0
bathtub,n.浴缸,0,0
batter,v.毀損,0,0
battlefield,n.戰場,0,0
BBC,n.英國廣播公司,0,0
B.C.,n.西元前,0,0
beautify,v.美化,0,0
beckon,v.召喚,0,0
behalf,n.為了…的利益；代表,0,0
behold,v.見到,0,0
Beijing,n./prop.北京,0,0
belongings,n.所有物,0,0
beloved,n.所愛的人,0,0
beneficial,adj.有益的,0,0
besiege,v.包圍,0,0
bestseller,n.暢銷品,0,0
beverage,n.飲料,0,0
beware,v.當心,0,0
bewilder,v.使混亂,0,0
bias,n.成見,0,0
Biblical,adj.聖經的,0,0
bid,v.出價；吩咐,0,0
bikini,n.三點式泳裝,0,0
billionaire,n.億萬富翁,0,0
binomial,adj.〔數〕二項式,0,0
biochemistry,n.生物化學,0,0
biological,adj.生物(學)的,0,0
bishop,n.主教,0,0
bitterly,adv.酷寒的,0,0
bitterness,n.苦；悲傷,0,0
bizarre,adj.古怪的,0,0
blameworthy,adj.應受責備的,0,0
bland,adj.溫和的,0,0
blast,n.一陣疾風,0,0
blaze,n.烈火；光輝,0,0
bleak,adj.陰冷(鬱)的,0,0
blink,v.眨眼；漠視,0,0
bloc,n.政治集團,0,0
blonde,n.金髮白種人,0,0
blossom,n.花(叢),0,0
blueprint,n.藍圖,0,0
blues,n.勃魯斯音樂；沮喪,0,0
bluff,n.虛張聲勢,0,0
blunder,n.愚蠢的錯誤,0,0
blur,v.使模糊,0,0
bodily,adj.身體的,0,0
bodyguard,n.侍衛,0,0
boldly,adv.大膽地,0,0
bolt,n.螺栓；閃電,0,0
bonus,n.紅利,0,0
bookstore,n.書店,0,0
boom,n.隆隆聲；景氣,0,0
boost,v.提升,0,0
booth,n.售貨棚,0,0
botany,n.植物學,0,0
boulevard,n.林蔭大道,0,0
bound,adj.很有可能的；準備前往…的,0,0
boxing,n.拳擊,0,0
boycott,v.抵制,0,0
brace,n.支撐物,0,0
breach,v.違犯,0,0
breakdown,n.故障,0,0
breakthrough,n.突破,0,0
break-up,n.瓦解,0,0
breathtaking,adj.使人興奮的,0,0
breeder,n.繁殖者,0,0
brew,v.沖泡；醞釀,0,0
bridegroom,n.新郎,0,0
briefcase,n.公事包,0,0
briefmg,n.簡報,0,0
brigade,n.旅；隊,0,0
brighten,v.照亮,0,0
brisk,adj.輕快的,0,0
Briton,n.英國人,0,0
broaden,v.加寬,0,0
brochure,n.小冊子,0,0
broker,n.經紀人,0,0
brood,n.一窩,0,0
browse,v.噹食；瀏覽,0,0
brutality,n.野蠻,0,0
Buddha,n.佛陀,0,0
Buddhism,n.佛教,0,0
buffalo,n.水牛,0,0
buffet,v.打擊,0,0
bulb,n. 球莖(根),0,0
bulk,n.大量,0,0
bully,n.恃強凌弱者,0,0
bun,n.小圓甜麵包；髮髻,0,0
bunk,n.臥鋪,0,0
bunker,n.媒倉；掩體,0,0
bureaucracy,n.官僚,0,0
burglar,n.竊賊,0,0
businesslike,adj.處事務實的,0,0
butcher,n.肉商,0,0
calf,n.小牛,0,0
calorie,n.卡路里,0,0
canal,n.運河,0,0
capitalist,n.資本家,0,0
capitol,n.美國州議會大廈,0,0
caption,n.說明文字,0,0
captive,adj.被俘虜的,0,0
captivity,n.囚禁,0,0
carbon,n. 碳,0,0
cardinal,n.紅衣主教,0,0
carefree,adj.無憂無慮的,0,0
caress,v.愛撫,0,0
carnival,n.嘉年華會,0,0
carp,n.鯉魚,0,0
cashier,n.出納員,0,0
casino,n.賭場,0,0
caste,n.種姓(制度),0,0
casually,adv.漫不經心的,0,0
casualty,n.傷亡者,0,0
catalogue,n.目錄,0,0
catastrophe,n.災難,0,0
catcher,n.捕捉者,0,0
cater,v.承包伙食,0,0
caterpillar,n.毛蟲,0,0
causal,adj.具有因果關係的,0,0
caution,n.謹慎,0,0
cautious,adj.小心的,0,0
cautiously,adv.小心地,0,0
cavalry,n.騎兵(隊),0,0
CD,n.(=compact disc)光碟,0,0
ceasefire,n.停火協定,0,0
celebrity,n.名人(聲),0,0
cellar,n.地窖,0,0
cemetery,n.墓地,0,0
census,n.調查,0,0
centigrade,adj./n.攝氏(的),0,0
ceramic,adj.陶器(藝)的,0,0
ceremonious,adj.拘泥形式的,0,0
certificate,n.證書,0,0
chairwoman,n.女主席,0,0
challenging,adj.富有挑戰性的,0,0
champagne,n.香檳,0,0
Chancellor,n.司法官,0,0
changeable,adj.易變的,0,0
chaos,n.無秩序狀態,0,0
charitable,adj.仁慈的,0,0
charity,n.慈善團體,0,0
chatterbox,n.喋喋不休的人,0,0
checkbook,n.支票簿,0,0
check-in,n.登記手續,0,0
check-out,n.檢查；付款退租,0,0
checkup,n.檢查,0,0
cheerleader,n.啦啦隊隊長,0,0
cheers,interj.乾杯,0,0
chef,n.主廚,0,0
chemist,n.化學家,0,0
chessboard,n.西洋棋棋盤,0,0
childbirth,n.分娩,0,0
childcare,n.照料小孩,0,0
childlike,adj.天真無邪的,0,0
chill,v./adj.(使)變冷；寒冷的,0,0
chimpanzee,n.黑猩猩,0,0
chlorine,n.氯(氣),0,0
choir,n.合唱隊,0,0
cholesterol,n.膽固醇,0,0
Christianity,n.基督教,0,0
chronic,adj.慢性的,0,0
chunk,n.厚塊,0,0
churchyard,n.教堂的庭院(墓地),0,0
cigar,n.雪茄,0,0
citizenship,n.公民身分(權利),0,0
civics,n.公民科,0,0
civilian,n.平民；文職人員,0,0
civilize,v.使開化,0,0
classification,n.分類,0,0
classmate,n.同班同學,0,0
classroom,n.教室,0,0
clause,n.子句；條款,0,0
cleaner,n.清潔工(劑),0,0
cleaning,n.掃除,0,0
cleanse,v.使清潔,0,0
clergyman,n.神職人員；牧師,0,0
click,v.使發出聲,0,0
clinic,n.診所,0,0
clip,v.修剪；夾住,0,0
clockwise,adj.順時針方向的,0,0
clockwork,n.發條裝置,0,0
closure,n.關閉,0,0
cluster,n.群,0,0
clutch,n.離合器；緊握,0,0
coalition,n.聯合,0,0
coastguard,n.海岸巡邏隊,0,0
coastline,n.海岸線,0,0
cocaine,n.古柯鹼,0,0
cock,n.公雞,0,0
cockpit,n.駕駛艙；鬥雞場,0,0
coed,adj.男女合校的,0,0
coeducation,n.男女合校的教育,0,0
coexist,v.同時共存,0,0
coffin,n.棺材,0,0
coincidence,n.巧合,0,0
cola,n.可樂類飲料,0,0
collaborate,v.合作,0,0
colleague,n.同事,0,0
collector,n.收藏者,0,0
collision,n.衝突,0,0
colonial,adj.殖民地的,0,0
color-blind,adj.色盲的,0,0
columnist,n.專欄作家,0,0
comedian,n.丑角式人物,0,0
comet,n.彗星,0,0
comfortably,adv.舒適地,0,0
comforting,adj.舒適的,0,0
comic,adj.滑稽的,0,0
coming,n.到來,0,0
commemorate,v.為慶祝,0,0
commend,v.稱讚,0,0
commentary,n.評述,0,0
commentator,n.評論家,0,0
commodity,n.商品,0,0
commonplace,adj.平凡的,0,0
communal,adj.公共的,0,0
communicative,adj.愛說話的,0,0
communist,n./adj./n.共產主義的；共產主義者,0,0
commute,v.通勤,0,0
commuter,n.通勤者,0,0
compact,adj.緊密的,0,0
companionship,n.交誼,0,0
comparative,adj.相比而言的,0,0
comparatively,adv.比較地,0,0
compartment,n.分隔間,0,0
compass,n.指南針；圓規,0,0
compassionate,adj.有同情心的,0,0
compatible,adj.相容的,0,0
compatibly,adv.和諧地,0,0
compensate,v.賠償,0,0
compensation,n.補償,0,0
competence,n.能力,0,0
compile,v.編纂,0,0
complement,n.補足物,0,0
complexion,n.氣色,0,0
complexity,n.錯綜複雜的事物,0,0
complication,n.糾葛,0,0
comply,v.依從,0,0
composite,adj.混合成的,0,0
comprehend,v.理解,0,0
comprehensible,adj.可以理解的,0,0
comprehension,n.理解(力),0,0
comprehensive,adj.廣泛的,0,0
compress,v.壓縮,0,0
compromise,v.妥協(方案),0,0
compulsively,adv.強制性地,0,0
computerize,v.使電腦化,0,0
comrade,n.同伴,0,0
conceal,v.隱藏,0,0
concede,v.讓與,0,0
conceive,v.認為；構想,0,0
conceited,adj.自大的,0,0
conceitedly,adv.自負地,0,0
concession,n.讓步,0,0
concise,adj.簡潔的,0,0
condense,v.使凝結(濃縮),0,0
condom,n.保險套,0,0
confederation,n.同盟,0,0
confer,v.商議；授予,0,0
confession,n.承認,0,0
confide,v.吐露,0,0
confidently,adv.確信地,0,0
confidential,adj.機密的,0,0
confirm,v.詮實,0,0
conform,v.遵從,0,0
conformity,n.遵從,0,0
Confucius,n.孔子,0,0
confused,adj.困惑的,0,0
congressional,adj.國會的,0,0
conjunction,n.結合,0,0
conquest,n.征服,0,0
conscientious,adj.盡責的,0,0
consecutive,adj.連續的,0,0
consensus,n.多數人的意見,0,0
conservation,n.保護,0,0
consolation,n.慰藉,0,0
console,v.安慰,0,0
consolidate,v.鞏固,0,0
conspiracy,n.陰謀,0,0
constable,n.警察,0,0
constitutional,adj.憲法的,0,0
constraint,n.限制,0,0
consultation,n.協商會,0,0
consumption,n.消費,0,0
contagious,adj.傳染性的,0,0
contaminate,v.污染物,0,0
contemplate,v.深思,0,0
contempt,v.輕視,0,0
contemptible,adj.卑劣的,0,0
contented,adj.滿足的,0,0
contingent,adj.因情況而變的,0,0
continuation,n.繼績,0,0
contractor,n.立約人,0,0
contradict,v.否認,0,0
contradiction,n.矛盾,0,0
controller,n.控制者,0,0
controversial,adj.有爭議的,0,0
convene,v.召集,0,0
convertible,adj.可轉換的,0,0
convict,v./n.證明有罪；囚犯,0,0
convincing,adj.令人信服的,0,0
convoy,n.護送(車隊),0,0
coordination,n.協調,0,0
cop,n.警察,0,0
copilot,n.飛機副駕駛,0,0
copyright,n.版權,0,0
corporation,n.公司,0,0
correlation,n.關聯,0,0
correspondent,n./adj.通訊(記)者；一致的,0,0
corrupt,adj./v.腐敗的；敗壞,0,0
corruption,n.道德敗壞,0,0
cosmetic,n./adj.化妝品；美容的,0,0
cosmic,adj.宇宙的,0,0
cosmopolitan,adj.世界性的,0,0
cosmos,n.宇宙,0,0
cosy,adj.(=cozy)溫暖舒適的,0,0
councilman,n.議員,0,0
counsel,n.忠告,0,0
counseling,n.勸告,0,0
counsellor,n.顧問,0,0
countable,adj.可數的,0,0
countenance,n.表情；支持,0,0
counteract,v. 抵消,0,0
counterattack,n./v.反擊,0,0
counterpart,n.互相對應的人(物),0,0
countless,adj.無數的,0,0
coupon,n.優待券,0,0
courteous,adj.有禮貌的,0,0
courtesy,n.有禮的舉止,0,0
courtyard,n.庭院,0,0
coverage,n.報導；某事所包含的範圍,0,0
cowardice,n.膽小,0,0
coworker,n.同事,0,0
crab,n.蟹,0,0
crackdown,n.取締,0,0
cram,v.填塞,0,0
crane,n.起重機；鶴,0,0
creativity,n.創造力,0,0
creator,n.創作者,0,0
credibility,n.可信性,0,0
credible,adj.可信的,0,0
creditable,adj.值得稱讚的,0,0
creed,n.信條,0,0
cripple,n.肢體殘障者,0,0
crocodile,n.鱷魚,0,0
crossing,n.交叉口,0,0
crossroad,n.十字路口,0,0
crouch,v.蹲伏,0,0
crow,n.烏鴉；雞啼聲,0,0
crude,adj.未加工製造的,0,0
cruise,n.乘船遊覽,0,0
crumble,v.(使)碎成細屑,0,0
cub,n.幼獸,0,0
cube,n.立方體,0,0
cubic,adj.立方的,0,0
cucumber,n.黃瓜,0,0
cue,n.反芻的食物,0,0
culminate,v.達到頂點,0,0
cult,n.狂熱的崇拜,0,0
cumulative,adj.累積的,0,0
curb,n.抑制,0,0
curfew,n.宵禁,0,0
currency,n.貨幣；流通,0,0
curriculum,n.課程,0,0
curry,n.咖哩食品,0,0
custody,n.監管,0,0
customary,adj.習慣上的,0,0
cylinder,n.氣缸,0,0
damages,n.損害賠償,0,0
dame,n.貴夫人,0,0
damp,adj.潮溼的,0,0
daresay,v.我想…；也許…,0,0
darken,v.使變黑,0,0
darkroom,n.暗房,0,0
dart,n.鏢；急衝,0,0
dash,v.猛衝,0,0
data,n.資料,0,0
daybreak,n.黎明,0,0
daylight,n.日光,0,0
dazzle,v.使目眩,0,0
deafen,v.使聽不見,0,0
dean,n.學院院長；主任牧師,0,0
dearly,adv.深切地,0,0
debut,n.初次登臺,0,0
decease,n.死亡,0,0
decency,n.莊重,0,0
decent,adj.得體的,0,0
deception,n.欺騙,0,0
deceptive,adj.虛偽的,0,0
decisive,adj.果斷的,0,0
decree,n./v.法令,0,0
dedicate,v.奉獻,0,0
deduction,n.推斷,0,0
deem,v.視為,0,0
deepen,v.加深,0,0
defect,n.缺點,0,0
deficiency,n.短缺,0,0
deficit,n.赤字,0,0
defy,v.違抗,0,0
delegate,v.派…為代表,0,0
delegation,n.委任,0,0
deliberately,adv.故意地,0,0
deliberation,n.深思,0,0
delicacy,n.精緻,0,0
delinquent,adj.不法行為,0,0
demo,n.(= demonstration)遊行示威,0,0
democrat,n.民主主義者,0,0
demon,n.惡鬼,0,0
denial,n.否認,0,0
denomination,n.教派,0,0
denounce,v.指責,0,0
depict,v.描繪,0,0
deplete,v.使枯竭,0,0
deploy,v./n.布署,0,0
deport,v.驅逐出境,0,0
depreciate,v.跌價,0,0
deprive,v.剝奪,0,0
descendant,n.後代,0,0
descent,n.下降,0,0
designate,v.指定；任命,0,0
despairing,adj.自暴自棄的,0,0
despise,v.藐視,0,0
detach,v.分開,0,0
detain,v.拘留；耽擱,0,0
deter,v.制止,0,0
deteriorate,v.惡化,0,0
devalue,v.貶值,0,0
devastating,adj.毀滅性的,0,0
deviation,n.偏離,0,0
diabetes,n.糖尿病,0,0
diagnose,v.診斷,0,0
diagnosis,n.診斷(法),0,0
diagram,n.圖表(解),0,0
dialect,n.方言,0,0
diaper,n.菱形花紋(布)；尿布,0,0
dictate,v.使聽寫；命令,0,0
dictation,n. 聽寫；命令,0,0
dictator,n.獨裁者,0,0
diehard,n.頑固分子,0,0
differential,n.差別,0,0
differentiate,v.區分,0,0
diffusion,n.擴散,0,0
digital,adj./n.數字式的,0,0
dignify,v.使有尊嚴,0,0
dignitary,n.權貴,0,0
dilute,v./adj.稀釋(的),0,0
diplomacy,n.外交,0,0
directory,n.工商人名錄,0,0
disapproval,n.反對,0,0
disapprove,v.不贊成,0,0
disbelieve,v.懷疑,0,0
disciple,n.門徒,0,0
disciplinary,adj.紀律上的,0,0
disclose,v.露出,0,0
disclosure,n.揭露,0,0
discomfort,n.不舒適,0,0
discontent,n.不滿,0,0
discouraging,adj.令人洩氣的,0,0
discreet,adj.考慮周到的,0,0
discrepancy,n.不一致,0,0
discretion,n.謹慎,0,0
discriminate,v.辨別,0,0
disgust,n./v.嫌惡；使厭惡,0,0
disgusting,adj.令人厭惡的,0,0
dishwasher,n.洗碗機,0,0
disinterested,adj.公正的,0,0
dismantle,v.拆卸,0,0
dismay,v.使驚慌,0,0
dispel,v.驅散,0,0
dispensable,adj.可有可無的,0,0
displace,v.移開；取代,0,0
displacement,n.移位；取代,0,0
disposition,n.配置,0,0
disregard,v.漠視,0,0
disrupt,v.擾亂,0,0
dissatisfaction,n.不滿,0,0
dissatisfy,v.使不快,0,0
dissident,adj./n.持異議的(人),0,0
dissuade,v.勸阻,0,0
distinctively,adv.有特色地,0,0
distract,v.使分心,0,0
distrust,v.不信任,0,0
diverse,adj.各種各樣的,0,0
diversify,v.使多樣化,0,0
diversion,n. 轉換,0,0
diversity,n.多樣性,0,0
dividend,n.股息,0,0
divorcee,n.離了婚的女人,0,0
documentary,n.記錄片,0,0
dogmatic,adj.固執己見的,0,0
dole,n./v.救濟金；分發,0,0
domain,n.領域,0,0
donkey,n.驢,0,0
donor,n.捐贈者,0,0
doom,n./v.厄運；注定,0,0
dosage,n.劑量,0,0
doubtless,adv.無疑地,0,0
dough,n.生麵團,0,0
downwards,adv.向下的,0,0
doze,v.打瞌睡,0,0
dragonfly,n.蜻蜓,0,0
drainage,n.排水系統,0,0
drape,v.覆蓋,0,0
draught,n./v.(=draft)草圖；草擬,0,0
drawback,n.障礙；缺點,0,0
driveway,n.私用車道,0,0
dropout,n.輟學者,0,0
drought,n.乾旱,0,0
drugstore,n.雜貨店,0,0
drunkard,n.酒鬼,0,0
dual,adj./n.由兩部分構成的,0,0
dubious,adj.覺得可疑的,0,0
duke,n.公爵,0,0
dump,v.傾倒,0,0
dutiful,adj.守本分的,0,0
dwarf,n./adj.侏儒；矮小的,0,0
dweller,n.居民,0,0
dynamite,n.甘油炸藥,0,0
eagerly,adv.渴望地,0,0
earplug,n.耳塞,0,0
earthworm,n.蚯蚓,0,0
Easter,n.復活節,0,0
eastwards,adv.向束,0,0
eccentric,adj./n.古怪的(人),0,0
eclipse,n.(日、月)蝕,0,0
ecology,n.生態學,0,0
economically,adv.節約的,0,0
editorial,n.社論,0,0
educator,n.教育工作者,0,0
eel,n.鰻,0,0
effectively,adv.有效地,0,0
ego,n.自我,0,0
elective,adj.由選舉產生的,0,0
elemental,adj.自然力的,0,0
elevate,v.使提高,0,0
eligible,adj./n.有資格的,0,0
elite,n.精英,0,0
eloquent,adj.雄辯的,0,0
embargo,v./n.禁止通商,0,0
embark,v.裝船；從事,0,0
embody,v.包括,0,0
embryo,n./adj.胚胎；未成熟的,0,0
emigrant,n.移民,0,0
emission,n.散發,0,0
empirical,adj.憑經驗的,0,0
enchant,v.使入迷,0,0
encyclopedia,n.百科全書,0,0
endorse,v.贊同,0,0
endowment,n.天資,0,0
endurance,n.耐力,0,0
enhance,v.增加,0,0
enlighten,v.敵發,0,0
enlist,v.入伍,0,0
enrich,v.使富裕,0,0
enroll,v.使加入；註冊,0,0
ensue,v.接著發生,0,0
ensure,v.確保,0,0
entail,v.使成為必要,0,0
envisage,v.預見,0,0
enzyme,n.酵素,0,0
epic,n./adj.史詩(般的),0,0
epigram,n.雋語,0,0
erode,v.侵蝕,0,0
erosion,n.侵蝕,0,0
err,v.犯錯,0,0
escort,v./n.護衛(者),0,0
essentially,adv.基本上,0,0
esteem,n./v.尊敬,0,0
etemity,n.永恆,0,0
ethic,n.倫理,0,0
ethics,n.倫理(學),0,0
ethnic,adj.種族的,0,0
etiquette,n.禮節,0,0
evaporate,v.蒸發,0,0
eventual,adj.結果的,0,0
evergreen,n./adj.常青樹(的),0,0
evoke,v.喚起,0,0
evolution,n.演化(論),0,0
evolve,v.使逐漸發展,0,0
exceedingly,adv.極其,0,0
excel,v.擅長,0,0
exclaim,v.驚叫,0,0
exclusively,adv.專門地,0,0
executive,adj.執行的,0,0
exempt,v./adj./n.豁免(的)；被免除義務者,0,0
exile,n./v.放逐,0,0
exotic,adj./n.異國風情的,0,0
expedition,n.探險(隊),0,0
expel,v.趕走,0,0
expend,v.花費,0,0
experimentation,n.實驗,0,0
expertise,n.專業知識,0,0
expire,v.期滿,0,0
exploration,n.研究,0,0
exterior,adj.外部的,0,0
extinct,adj.絕種的,0,0
extract,v.拔出；摘錄,0,0
extracurricular,adj.課外的,0,0
extravagance,n.浪費,0,0
eyesight,n.視力,0,0
eyewitness,n.目擊者,0,0
hostile,adj.敵人的,0,0
hostility,n.敵意,0,0
howl,v.號叫,0,0
humbly,adv.謙虛地,0,0
humiliate,v.屈辱,0,0
humiliation,n.蒙羞,0,0
humorously,adv.幽默地,0,0
hurl,v.用力投擲,0,0
hurrah,interj.歡呼聲,0,0
hygiene,n.衛生,0,0
hymn,n.聖歌,0,0
hyphen,n.連字號,0,0
hypocrisy,n.虛偽,0,0
hypocrite,n.偽君子,0,0
hypothesis,n.假設,0,0
hysterical,adj.患歇斯底里症的,0,0
gaiety,n.愉快,0,0
galaxy,n.銀河系,0,0
garlic,n.大蒜,0,0
gasp,v.喘息,0,0
gauge,n.標準度量,0,0
gear,n.汽車之排檔,0,0
Gemini,n.雙子座,0,0
gender,n.性別,0,0
generalize,v.歸納,0,0
generator,n.發電機,0,0
generously,adv.慷慨地,0,0
genetics,n.遺傳學,0,0
geographical,adj.地理學的,0,0
geometry,n.幾何學,0,0
germ,n.起源；細菌,0,0
ghetto,n.城市中猶太人的保留區,0,0
gin,n.杜松子酒,0,0
glamour,n.魅力,0,0
glare,v.發強烈的光,0,0
glassware,n.玻璃器皿,0,0
gleam,n.一絲光線,0,0
glitter,v.閃爍,0,0
gloomy,adj.黑暗的,0,0
goalkeeper,n.守門員,0,0
goldfish,n.金魚,0,0
goodbye,interj./n.再見,0,0
goodness,n.善良,0,0
goods,n.貨物,0,0
gorgeous,adj.華麗的,0,0
gospel,n.主義,0,0
grapefruit,n.葡萄柚,0,0
grate,n./v.壁爐；磨碎,0,0
grill,v.烤,0,0
grim,adj.嚴厲的,0,0
groan,n./v.呻吟,0,0
groom,n.馬夫,0,0
grove,n.樹叢,0,0
grumble,v.發怨言,0,0
guideline,n.指導方針,0,0
gypsy,n.吉普賽,0,0
hail,v.歡迎,0,0
hairdo,n.髮型,0,0
hairstyle,n.髮型,0,0
halftvay,adj./adv.位於兩地中途的,0,0
halt,v.猶豫,0,0
handful,n.一把,0,0
happening,n.事件,0,0
happily,adv.快樂的,0,0
harassment,n.煩惱,0,0
hardy,adj.強壯的,0,0
hare,n.野兔,0,0
harness,n.馬具,0,0
harshly,adv.刺耳地；嚴厲地,0,0
hasten,v.急忙,0,0
haul,v.拖,0,0
hay,n.乾草,0,0
headache,n.頭痛,0,0
heading,n.標題,0,0
head-on,adj./adv.正的,0,0
heap,n.堆,0,0
hearsay,n.謠言,0,0
heavier,adj.重的,0,0
heavyweight,n./adj.重量級拳手；重的,0,0
hedge,n.樹籬,0,0
heighten,v.增高,0,0
heir,n.繼承人,0,0
heiress,n.女繼承人,0,0
helicopter,n.直昇機,0,0
helmet,n.頭盔；安全帽,0,0
herald,n./v. 使者；預示,0,0
herd,n.獸群,0,0
heroin,n.海洛英,0,0
heroine,n.女英雄,0,0
hesitantly,adv.遲疑地,0,0
heterosexual,adj.異性戀的,0,0
hierarchy,n.階級組織,0,0
hijack,v.劫取,0,0
hike,n.健行,0,0
hinder,v.妨礙,0,0
hockey,n.曲棍球,0,0
Hollywood,n.好萊塢,0,0
homely,adj.家常的,0,0
hometown,n.永久居留地,0,0
homosexual,adj./n.同性戀,0,0
hormone,n.荷爾蒙,0,0
horrifying,adj.駭人的,0,0
hose,n.長統襪及短襪,0,0
hospitable,adj.好客的,0,0
hostage,n.人質,0,0
hostile,adj.敵人的,0,0
hostility,n.敵意,0,0
howl,v.號叫,0,0
humbly,adv.謙虛地,0,0
humiliate,v.屈辱,0,0
humiliation,n.蒙羞,0,0
humorously,adv.幽默地,0,0
hurl,v.用力投擲,0,0
hurrah,interj.歡呼聲,0,0
hygiene,n.衛生,0,0
hymn,n.聖歌,0,0
hyphen,n.連字號,0,0
hypocrisy,n.虛偽,0,0
hypocrite,n.偽君子,0,0
hypothesis,n.假設,0,0
hysterical,adj.患歇斯底里症的,0,0
ideological,adj.意識形態的,0,0
ideology,n.意識形態,0,0
idle,adj.不做事的,0,0
idol,n.偶像,0,0
illegal,adj.違法的,0,0
illogical,adj.不合理的,0,0
illuminate,v.照亮,0,0
immense,adj.極大的,0,0
imminent,adj.逼近的,0,0
immoral,adj.不朽的,0,0
immune,adj.免除的,0,0
impair,v.損害,0,0
impartial,adj.公平的,0,0
impatient,adj.不耐煩的,0,0
imperial,adj.帝國的,0,0
impersonal,adj.不受個人感情影響的,0,0
implement,v.實現,0,0
implicit,adj.暗示的,0,0
impolite,adj.不禮貌的,0,0
imposing,adj.氣勢雄偉的,0,0
impractical,adj.不切實際的,0,0
imprison,v.監禁,0,0
inability,n.無能力,0,0
inappropriate,adj.不適當的,0,0
incentive,n./adj.刺激,0,0
incidentally,adv.附帶的,0,0
inclination,n.傾斜,0,0
incomplete,adj.不完全的,0,0
inconvenient,adj.使人不便的,0,0
incredible,adj.驚奇的,0,0
incur,v.招致,0,0
indebted,adj. 負債的,0,0
indecision,n.無決斷力,0,0
independently,adv.獨立的,0,0
indicator,n.指示者,0,0
indifference,n.不關心,0,0
indifferent,adj.對…不感興趣,0,0
indigestion,n.消化困難,0,0
indignant,adj.憤慨的,0,0
indignation,n.憤慨,0,0
indirect,adj.非直接的,0,0
indistinct,adj.模糊的,0,0
indulge,v.使滿足,0,0
industrious,adj.勤勉的,0,0
ineffective,adj.無效力的,0,0
inefficient,adj.無效率的,0,0
inevitable,adj.無可避免的,0,0
inexpensive,adj.不貴的,0,0
infantry,n.步兵,0,0
infer,v.推斷,0,0
inference,n.推論,0,0
infinite,adj.無窮的,0,0
inflict,v.予以(打擊等),0,0
influenza,n.流行性感冒,0,0
ingenuity,n.靈巧,0,0
initially,adv.在起初,0,0
initiate,v.開始；使入會,0,0
inject,v.注射,0,0
injustice,n.不公正,0,0
inquisitive,adj.好管閒事的,0,0
insane,adj.瘋狂的,0,0
insecure,adj.不安全的,0,0
inspiring,adj.令人鼓舞的,0,0
instability,n.不穩定,0,0
installation,n.安置,0,0
instantly,adv.立即,0,0
institutional,adj.制度(上)的,0,0
insulting,adj.侮辱人的,0,0
insurance,n.保險,0,0
intact,adj.未觸動的,0,0
integral,adj.構成整體所需要的,0,0
integrity,n.廉正,0,0
intellect,n.理解力,0,0
intelligible,adj.易了解的,0,0
intent,n.目的,0,0
intercept,v.中途阻止,0,0
interchangeable,adj.可交換的,0,0
intercourse,n.交際,0,0
interpreter,n.口譯者,0,0
intimidate,v.脅迫,0,0
intonation,n.語調,0,0
intricate,adj.複雜的,0,0
intrigue,v./n.密謀；陰謀,0,0
intriguing,adj. 有趣的；有魅力的,0,0
intuition,n.直覺,0,0
inventor,n.發明者,0,0
investigator,n.調查者,0,0
investor,n.投資者,0,0
invisible,adj.看不見的,0,0
inviting,adj.吸引人的,0,0
invoke,v.祈求幫助或保護,0,0
inward,adj.在內的,0,0
ironic,adj.諷剌的,0,0
irony,n.反語,0,0
irregular,adj.不合常規的,0,0
irrelevant,adj.不切題的,0,0
irresponsible,adj.不須負責任的,0,0
irritable,adj.急躁的,0,0
irritate,v.激怒,0,0
isolated,adj.孤立的,0,0
Italian,n.義大利文,0,0
itch,v.發癢,0,0
Japanese,n.日本人,0,0
jar,n.刺耳的聲音,0,0
jasmine,n.茉莉,0,0
jaywalk,v.不遵守交通規則而穿越馬路,0,0
jerk,v.猛然一推,0,0
jog,v.輕撞,0,0
journalism,n.新聞業,0,0
journalist,n.新聞記者,0,0
joyous,adj.快樂的,0,0
judicial,adj.法庭的,0,0
junction,n.連接,0,0
justification,n.理由,0,0
justly,adv.合理的,0,0
juvenile,adj.少年的,0,0
kangaroo,n.袋鼠,0,0
keenly,adv.激烈地,0,0
kidnap,v.綁架,0,0
kidney,n.腎,0,0
killer,n.殺人者,0,0
kindly,adj.友善的,0,0
kindness,n.親切,0,0
king-size,adj.特大號的,0,0
kit,n.所有的裝備,0,0
know-how,n.技能,0,0
knowledgeable,adj.博識的,0,0
lab,n.實驗室,0,0
lad,n.少年,0,0
lama,n.喇嘛,0,0
lament,v.悲傷,0,0
landing,n.登陸,0,0
landlady,n.女房束,0,0
landlord,n.地主,0,0
landmine,n.地雷,0,0
landslide,n.山崩,0,0
laser,n.雷射,0,0
latitude,n.緯度,0,0
lawmaker,n.立法者,0,0
lawnmower,n.除草機,0,0
lawsuit,n.訴訟,0,0
layman,n.門外漢,0,0
leak,v.漏,0,0
leakage,n.洩漏,0,0
lease,n.租約,0,0
legacy,n.遺產,0,0
legally,adv.法律上,0,0
lengthy,adj.冗長的,0,0
lesbian,n.女同性戀者,0,0
lesser,adj./adv.較小的,0,0
liability,n.有義務,0,0
liberate,v.解放,0,0
liberation,n.解放,0,0
lieutenant,n.陸軍中尉,0,0
lifelong,adj.終生的,0,0
lightweight,n./adj.平均重量以下；不重要的人,0,0
likelihood,n.可能性,0,0
likewise,adv.同樣的,0,0
liking,n.愛好,0,0
limp,v.跛行,0,0
linger,v.逗留,0,0
lingering,adj.持久的,0,0
linguist,n.精通數種外國語言者,0,0
linguistics,n.語言學,0,0
liquidation,n.清償,0,0
literacy,n.識字；讀寫能力,0,0
literate,adj.文雅的,0,0
litter,n.雜物；垃圾,0,0
livelihood,n.生計,0,0
lively,adj.有生氣的,0,0
livestock,n.家畜,0,0
lizard,n.蜥蜴,0,0
locomotive,adj.移動的,0,0
loft,n.閣樓,0,0
logo,n.(=logotype)標識；商標,0,0
lonesome,adj.寂寞的,0,0
longevity,n.長壽,0,0
loom,v.隱約的或威脅性的出現,0,0
loop,n.環形花狀,0,0
loosely,adv.不嚴格地；寬鬆地,0,0
lorry,n.載貨卡車,0,0
lottery,n.獎券；彩票,0,0
lotus,n.蓮；忘憂樹,0,0
lounge,n./v.休息室；懶洋洋地坐或站,0,0
lovable,adj.可愛的,0,0
lubricant,n.潤滑劑,0,0
lucrative,adj.可獲利的；賺錢的,0,0
luminous,adj.明亮的；清楚的,0,0
luncheon,n.午餐；午宴,0,0
lyric,n.抒情詩,0,0
machinegun,n.機關槍,0,0
magnify,v.擴大；誇大；誇獎,0,0
maiden,n.少女,0,0
mainstream,n.主流,0,0
majestic,adj.莊嚴的,0,0
majesty,n.威嚴；王權,0,0
malaria,n.瘧疾,0,0
malicious,adj.存心不良的,0,0
manageable,adj.能處理的,0,0
manhood,n.成年；男子氣質,0,0
manifestation,n.顯示；發表,0,0
manifesto,n.宣言；聲明,0,0
manipulate,v.操縱,0,0
manpower,n.人力,0,0
mansion,n.大廈；官邸,0,0
manuscript,n.草稿；手稿,0,0
marathon,n.馬拉松賽跑,0,0
mare,n.母馬；母驢,0,0
marginal,adj.空白處的；邊際的,0,0
Mars,n.戰神；火星,0,0
marshal,n.元帥,0,0
martial,adj.軍事的,0,0
marvel,n.令人驚奇或驚喜的事物,0,0
masculine,adj.男性的；陽性的,0,0
massacre,n.大屠殺,0,0
massage,n.按摩,0,0
masterpiece,n.傑作；名著,0,0
mastery,n.控制；熟練,0,0
measles,n.麻疹,0,0
mechanics,n.力學；機械學,0,0
medication,n.藥物治療,0,0
medieval,adj.中古的；中世紀的,0,0
meditation,n.沉思；冥想,0,0
meek,adj.溫順的,0,0
melancholy,n./adj.悲哀；憂鬱,0,0
mellow,adj.香醇的；柔和的；老練的,0,0
memo,n.備忘錄,0,0
memorable,adj.值得紀念的,0,0
menace,n.危險；威脅,0,0
mentality,n.智力；心性,0,0
mentally,adv.智力不足的；心理有缺陷的,0,0
mentor,n.導師,0,0
metaphor,n. 隱喻,0,0
metaphysical,adj.玄學的；形而上學的,0,0
mighty,adj.強大的；偉大的,0,0
migration,n.遷移,0,0
mild,adj.溫和的；順口的,0,0
mileage,n.哩數,0,0
militant,adj.好戰的,0,0
milligram,n.毫克,0,0
mingle,v.混合,0,0
minimal,adj.最低程度的,0,0
miraculously,adv.神奇地,0,0
misbehave,v.做不正當的事,0,0
miscellaneous,adj.各式各樣的,0,0
misconduct,n.不規矩的行為；不當的處理,0,0
mishap,n.災難,0,0
missionary,n.傳教士,0,0
mistress,n.女主人,0,0
moan,v./n.呻吟(聲),0,0
mob,n.烏合之眾；無秩序的民眾,0,0
mock,v.愚弄；嘲弄,0,0
modernization,n.現代化,0,0
modernize,v.使現代化,0,0
molecule,n.分子,0,0
momentary,adj.短暫的,0,0
momentum,n.動量；動向,0,0
monetary,adj.貨幣的,0,0
monitor,n.級長,0,0
monopoly,n.壟斷；專利,0,0
monotony,n.單調,0,0
monstrous,adj.怪物的；恐怖的,0,0
morale,n.士氣,0,0
mortal,adj.必死的,0,0
mortar,n.灰泥,0,0
motherhood,n.母性,0,0
motif,n.主旨,0,0
motivation,n.動機,0,0
motto,n.箴言；座右銘,0,0
mourn,v.悲悼,0,0
multiple,adj.多重的,0,0
muscular,adj.肌肉的,0,0
muse,n.繆思女神；詩興,0,0
mustache,n.鬚,0,0
mustard,n.芥末,0,0
mute,adj.沉默的,0,0
mutton,n.羊肉,0,0
mythology,n.神話學,0,0
nag,v.不斷地挑剔,0,0
naive,adj. 天真的；樸素的,0,0
narrate,v.敘述,0,0
narrative,n.故事,0,0
naturally,adv.自然地,0,0
needy,adj.非常貧窮的,0,0
negligible,adj.不重要的,0,0
negotiable,adj.可協商的,0,0
newcomer,n.新來者,0,0
newlywed,n.新婚的人,0,0
newscaster,n.新聞播報員,0,0
nickel,n.鎳,0,0
nightingale,n.夜鶯,0,0
nitrogen,n.氮,0,0
nobility,n.高貴；高尚,0,0
nominal,adj.名義上的；不重要或無價值的,0,0
nominate,v.提名某人；指派,0,0
nomination,n.提名；任命,0,0
nominee,n.被提名人,0,0
nonetheless,adv./conj.但是；仍然,0,0
noodle,n.笨人；傻瓜,0,0
notable,adj.顯著的,0,0
notably,adv.顯著地；尤其,0,0
noteworthy,adj.值得注意的,0,0
noticeable,adj.顯明的,0,0
notify,v.通知,0,0
novelty,n.新鮮；新奇,0,0
nucleus,n.中心；核心,0,0
nude,adj.裸體的,0,0
nuisance,n.討厭的事物、人、行為等,0,0
numerical,adj.數字的；表示數量,0,0
nurture,n.養育；教養,0,0
nutrition,n.營養；營養學,0,0
oasis,n.綠洲,0,0
oath,n.誓約；詛咒,0,0
obituary,n.訃聞,0,0
oblong,n./adj.長方形；長方形的,0,0
obscure,adj./n.使暗；使不明顯；暗的；不明顯的,0,0
observant,adj.善於觀察的,0,0
observatory,n.天文臺；氣象臺,0,0
obsession,n.成見；頑念,0,0
obviously,adv.明顯地,0,0
odds,n.可能的機會,0,0
offspring,n.後代；後裔,0,0
ointment,n.藥膏,0,0
omen,n.微兆；預兆,0,0
ominous,adj.惡兆的；不祥的,0,0
onset,n.進攻；有力的開始,0,0
operational,adj.操作的；管理的,0,0
opponent,n.對手,0,0
oppress,v.壓迫；壓制,0,0
optical,adj.視覺的,0,0
optimism,n.樂觀；樂天,0,0
optimistic,adj.樂觀的；有信心的,0,0
option,n.選擇權；選擇力,0,0
optional,adj.可選擇的；隨意的,0,0
ordering,n.安排；佈置,0,0
ordinance,n.法令；條例,0,0
ordinarily,adj.正常地；普通地,0,0
orient,v.使朝向東方,0,0
oriental,n./adj.東方人；東方的,0,0
originality,n.創新；創造力,0,0
ornament,n.裝飾,0,0
orphanage,n.孤兒院,0,0
orthodox,adj.正統的；傳統的,0,0
oust,v.驅逐,0,0
outbreak,v.爆發；發生,0,0
outfit,n.裝備；用具,0,0
outing,n.遠足,0,0
outlaw,n.罪犯,0,0
outlet,n.出口；出路,0,0
outnumber,v.比·多,0,0
out-of-date,adj.過時的,0,0
outrage,n.暴行,0,0
outrageous,adj.駭人的；暴虐的,0,0
outset,n.開始,0,0
outskirts,n.邊界；市郊,0,0
outward,adj.外面的；肉體的,0,0
overdo,v.做太多或過份,0,0
overhear,v.偷聽；無意中聽到,0,0
overlap,v.部分重疊；部分相同,0,0
overturn,v.使傾覆；推翻,0,0
oxidation,n.氧化(作用),0,0
oyster,n.牡蠣,0,0
pact,n.協定；公約,0,0
painfully,adv.痛苦地,0,0
panacea,n.萬靈藥,0,0
pane,n.窗玻璃片,0,0
panorama,n.全景,0,0
parachute,n.降落傘,0,0
paradoxically,adv.似是而非地,0,0
paragon,n.模範,0,0
paralyze,v.使麻痺；使癱瘓,0,0
paramount,adj./n.至上的；最高統治者,0,0
parking,n.停車,0,0
parlor,n.起居室；會客室,0,0
partially,adv.部分地,0,0
participant,n.參與者；分享者,0,0
part-time,adj./adv.兼任的,0,0
passerby,n.穿過；通過,0,0
passionate,adj.熱情的,0,0
paste,n.麵團,0,0
pasture,n.牧地；草原,0,0
pat,n.拍,0,0
pathetic,adj.悲哀的,0,0
patiently,adv.耐心地,0,0
patron,n.贊助人,0,0
pavement,n.人行道,0,0
paw,n.腳掌；腳爪,0,0
pawn,v.典當,0,0
pawnshop,n.當鋪,0,0
payday,n.發薪日,0,0
peasant,n.佃農,0,0
pedal,n.踏板,0,0
pedestrian,n.行人,0,0
peer,n.同輩,0,0
penetrate,v.進入；看穿,0,0
penetrating,adj.敏銳的,0,0
penicillin,n.盤尼西林,0,0
penis,n.男生殖器,0,0
pension,n.養老金,0,0
pentagon,n.五角形,0,0
perch,n.棲木；高而安全的地位,0,0
performer,n.執行者；表演者,0,0
peril,n.危險,0,0
periodic,adj.定期的,0,0
periodical,n.期刊,0,0
perish,v.毀滅；死亡,0,0
perpetual,adj.永久的,0,0
perplex,v.使困惑,0,0
perseverance,n.不屈不撓,0,0
pertain,v.有關,0,0
pessimism,n.悲觀(主義),0,0
pesticide,n.殺蟲劑,0,0
petition,n.請願(書),0,0
petroleum,n.石油,0,0
petty,adj.不重要的,0,0
pharmacy,n.藥房,0,0
philharmonic,adj.愛樂(團體)的,0,0
photographic,adj.攝影(用)的,0,0
physiological,adj.生理學的,0,0
picket,n.糾察隊員,0,0
pick-up,n.擴音器,0,0
picturesque,adj.似畫的,0,0
piety,n.虔誠,0,0
pigment,n.顏料,0,0
pilgrimage,n.朝聖者的旅程,0,0
pillar,n.柱子,0,0
pimple,n.粉刺；面皰,0,0
pint,n.品脫(液量名),0,0
pious,adj.虔誠的,0,0
pipeline,n.管線,0,0
pirate,n.海盜,0,0
piston,n.活塞,0,0
pitcher,n.大水罐；投手,0,0
plague,n./v.瘟疫；折磨,0,0
plainly,adv.清楚地,0,0
planetary,adj.行星的,0,0
planning,n.計畫,0,0
plantation,n.種植園,0,0
plaster,n.灰泥,0,0
Plato,n.柏拉圖(古希臘哲學家),0,0
playmate,n.玩伴,0,0
playwright,n.劇作家,0,0
plea,n.懇求,0,0
pledge,v.發誓；保證,0,0
plow,v.耕(地),0,0
plug,n.塞子,0,0
pneumonia,n.肺炎,0,0
Polish,adj.波蘭的；波蘭人(語)的,0,0
poll,n.民意調查,0,0
pollutant,n.污染物,0,0
polynomial,n.多詞學名；多項式,0,0
ponder,v.深思,0,0
populate,v.移居於,0,0
portfolio,n.文件夾；投資組合,0,0
postman,n.郵差,0,0
posture,n.姿勢,0,0
post-war,adj.戰後的,0,0
potent,adj.有效力的,0,0
potentiality,n.潛在性,0,0
potter,n./v.陶藝家；閒逛,0,0
poultry,n.家禽(肉),0,0
practitioner,n.開業者,0,0
praiseworthy,adj.值得讚揚的,0,0
preacher,n.傳教士,0,0
precaution,n.預防措施,0,0
precedent,n.慣例,0,0
predecessor,n.前輩,0,0
predicament,n.困境,0,0
prediction,n.預言,0,0
preface,n.前言,0,0
preferably,adv.更好地,0,0
preference,n.偏愛,0,0
preliminary,adj./n.初步的；初步行動,0,0
premature,adj.過早的,0,0
premier,n.首相,0,0
premise,n.前提,0,0
premium,n.保險費,0,0
preoccupation,n.全神貫注,0,0
preoccupy,v.使全神貫注,0,0
prescribe,v.開(樂方),0,0
prescription,n.藥方,0,0
presently,adv.不久,0,0
preside,v.主持,0,0
presidency,n.總統(校長)的職位,0,0
presidential,adj.總統(校長)的,0,0
presumption,n.推測,0,0
preventive,adj.預防的,0,0
preview,n.預習；預演,0,0
principally,adv.主要(地),0,0
privately,adv.私下地,0,0
probe,v.探查,0,0
proceeding,n.措施,0,0
processing,n.過程,0,0
proclamation,n.公告,0,0
productivity,n.生產力,0,0
profess,v.自稱,0,0
proficient,adj.精通的,0,0
profile,n.側面像；輪廓,0,0
progressive,adj.不斷前進的,0,0
prohibition,n.禁止,0,0
projection,n.凸出物；設計；投影,0,0
prone,adj.易於發生(不愉快事)的；有傾向的,0,0
pronoun,n.代名詞,0,0
prophesy,v.預言,0,0
prose,n.散文,0,0
prosecute,v. 對…起訴,0,0
prosecution,n.(被)起訴,0,0
prosper,v.興旺,0,0
prostitute,n./v.妓女；出賣(名譽等),0,0
proudly,adv.驕傲地,0,0
provincial,adj.省的,0,0
provoke,v.激怒,0,0
prudent,adj.小心謹慎的,0,0
prune,v.修剪；刪除,0,0
psalm,n.聖歌,0,0
psychiatrist,n.精神科醫生,0,0
psychiatry,n.精神病學,0,0
pulmonary,adj.肺(病)的,0,0
pulse,n.脈搏,0,0
punctuation,n.標點(法),0,0
purely,adv.完全地,0,0
purity,n.純潔,0,0
pyjamas,n.睡衣褲,0,0
quaint,adj.奇特的,0,0
quarrelsome,adj.好爭吵的,0,0
quest,n.探索,0,0
questionnaire,n.問卷,0,0
queue,n./v.行列；排隊,0,0
rack,n.置物架,0,0
radiate,v.發射,0,0
rag,n.破布,0,0
raid,n.突擊,0,0
raincoat,n.雨衣,0,0
rally,v./n.集合；開玩笑,0,0
rancher,n.農場主人,0,0
ransom,n.贖金,0,0
rape,v.強姦,0,0
ratify,v.批准,0,0
reactionary,adj.保守的；反動的,0,0
readiness,n.準備就緒；迅速,0,0
reassure,v.使安心,0,0
rebellion,n.造反,0,0
rebellious,adj.難管教的,0,0
rebuild,v.重建,0,0
recapture,v.再體驗,0,0
recession,n.經濟衰退,0,0
recipient,n.接受者,0,0
reckless,adj.輕率的,0,0
reckon,v.推斷,0,0
recollect,v.想起,0,0
reconcile,v.調解,0,0
reconstruction,n.重建(物),0,0
recruit,v.招募,0,0
redundant,adj.過剩的,0,0
reel,n./v.捲軸；捲；蹣跚,0,0
referendum,n.公民投票,0,0
refine,v.提煉,0,0
refinement,n.精製品,0,0
refrain,v.抑制,0,0
refund,n.退款,0,0
regiment,n.(軍)團,0,0
rehabilitate,v.使恢復,0,0
rehabilitation,n.康復,0,0
reign,n.君主統治時期,0,0
rein,n.韁繩；統治,0,0
rejoice,v.高興,0,0
relatively,adv.相對地,0,0
relinquish,v.放棄,0,0
relish,n./v.美味；喜愛,0,0
reluctantly,adv.不願意地,0,0
remains,n.遺跡,0,0
reminiscence,n.回憶,0,0
reminiscent,adj.使人憶起…的,0,0
renaissance,n.復興,0,0
renowned,adj.著名的,0,0
reorganization,n.改組,0,0
repay,v.償還,0,0
repel,v.擊退,0,0
repent,v.後悔,0,0
replaceable,adj.可取代的,0,0
repress,v.抑制,0,0
republican,adj./n.共和國的；共和主義者,0,0
resemblance,n.相似,0,0
resent,v.不滿,0,0
reservoir,n.蓄水池,0,0
reside,v.居住,0,0
resonance,n.共嗚,0,0
resort,n.度假地,0,0
restoration,n.恢復,0,0
restraint,n.克制,0,0
resultant,adj.做為…後果的,0,0
resume,v.重新開始,0,0
retail,n./adj./adv.零售；零售的(地),0,0
retaliate,v.報復,0,0
retort,v./n.反駁,0,0
retrieve,v.找回,0,0
revive,v.復活,0,0
revolve,v.使旋轉,0,0
rhetoric,n.修辭學,0,0
rhythmic,adj.韻律的,0,0
rib,n.肋骨,0,0
righteous,adj.正直的,0,0
rigorous,adj.嚴密的,0,0
riot,n.暴動,0,0
rite,n.儀式,0,0
ritual,n.(儀式的)活動,0,0
rival,n.對手,0,0
roach,n.蟑鄉；大麻煙卷的煙蒂,0,0
robin,n.知更鳥,0,0
rotate,v. 使旋轉,0,0
rotation,n.旋轉,0,0
royalty,n.皇室成員,0,0
rugged,adj.崎嶇的,0,0
saddle,n.馬鞍,0,0
saloon,n.大轎車；酒館；交誼廳,0,0
salute,v.行舉手禮,0,0
salvage,n./v.搶救,0,0
salvation,n.救星,0,0
sanction,n.批准,0,0
sandal,n.涼鞋,0,0
sanitation,n.衛生設備,0,0
sarcastic,adj.諷刺的,0,0
Satan,n.魔鬼；撒旦,0,0
satire,n.諷刺文學,0,0
satisfactorily,adv.令人滿意地,0,0
savage,adj.兇猛的,0,0
scan,v.細看；掃描,0,0
scandal,n.醜聞,0,0
scarlet,adj.鮮紅色的,0,0
scholastic,adj.學校的,0,0
scorn,n./v.輕蔑；鄙視,0,0
scrap,n.碎片,0,0
scrape,v.把…括除,0,0
scratch,v.抓(傷),0,0
script,n.原稿,0,0
scrutiny,n.細查,0,0
sculpture,n.雕塑(品),0,0
seam,n.接縫,0,0
secular,adj.世俗的,0,0
secure,adj.安全的,0,0
seduce,v.慫恿；引誘,0,0
seemingly,adv.看樣子,0,0
segregate,v.隔離開,0,0
seminar,n.研討會,0,0
sensation,n.感覺,0,0
sensibility,n.判斷力,0,0
sentimental,adj.感情上的,0,0
separately,adv.個別地,0,0
separation,n.分開,0,0
sequential,adj.隨之而來的,0,0
sermon,n.說教；佈道,0,0
serum,n.血清,0,0
settler,n.移民,0,0
sever,v.割斷,0,0
severely,adv.嚴重地,0,0
sewer,n.下水道,0,0
shaft,n.把手,0,0
shear,n.剪；切斷,0,0
shed,v.使流出,0,0
sheer,adj.純粹的,0,0
shepherd,n./v.牧羊人；引導,0,0
shift,n.變換,0,0
shipment,n.一批貨物,0,0
shiver,v.顫抖,0,0
shortage,n.短缺,0,0
shortcoming,n.缺點,0,0
shorten,v.使縮短,0,0
shortsighted,adj.近視的,0,0
sibling,n.手足,0,0
silently,adv.寂靜地,0,0
similarly,adv.同樣地,0,0
simplicity,n.樸素,0,0
simplify,v.使單純,0,0
simultaneously,adv.同時,0,0
sinister,adj.陰險的,0,0
sitter,n.模特兒,0,0
situate,v.使位於,0,0
situated,adj.坐落在…的,0,0
sizable,adj.相當大的,0,0
skeleton,n.骨骸,0,0
slam,v.使勁關閉,0,0
slap,n.一巴掌,0,0
slash,v.亂砍,0,0
sloppy,adj.馬虎的,0,0
slug,n.子彈；蛞蝓,0,0
slum,n.貧民窟,0,0
smallpox,n.天花,0,0
smuggle,v.走私,0,0
snatch,v.搶,0,0
sneak,v.鬼鬼祟祟地走,0,0
sneaker,n.鬼鬼祟祟做事的人,0,0
soak,v.浸泡,0,0
sob,v.啜泣,0,0
sober,adj.清醒的,0,0
socialism,n.社會主義,0,0
socially,adj.善於交際地,0,0
sociological,adj.社會學的,0,0
sociology,n.社會學,0,0
sodium,n.鈉,0,0
solar,adj.太陽的,0,0
sole,n.腳底(板)；鞋底,0,0
solely,adj.唯一地,0,0
solicitor,n.懇求者；事務律師,0,0
solidarity,n.團結,0,0
solitary,adj.獨居的,0,0
solitude,n.孤獨,0,0
solo,n./adj.獨唱；單獨的,0,0
souvenir,n.紀念品,0,0
sovereign,n.元首,0,0
sovereignty,n.主權,0,0
sow,v.播(種),0,0
spectacles,n.眼鏡,0,0
spectacular,adj.壯觀的,0,0
spectra,n.光譜,0,0
speculate,v.推測；投機,0,0
sperm,n.精子,0,0
spinach,n.菠菜,0,0
sponsor,v./n贊助(者),0,0
spontaneous,adj.自發的,0,0
spouse,n.配偶,0,0
sprawl,v.伸開四肢躺(坐),0,0
spray,v.噴；濺散,0,0
spur,n.馬刺；激勵,0,0
squad,n.爭吵,0,0
squarely,adv.正直地,0,0
stability,n.穩定性,0,0
stack,v.使成堆,0,0
stadium,n.(露天)運動場,0,0
stagger,v.蹣跚,0,0
stall,n.攤位,0,0
standardize,v.使標準化,0,0
standpoint,n.立場,0,0
staple,n./adj.釘書針；主要的,0,0
startle,v.使大吃一驚,0,0
statesman,n.政治家,0,0
static,adj.靜態的,0,0
stationary,adj.靜止的,0,0
stationery,n.文具,0,0
statistical,adj.統計(學)的,0,0
stature,n.高水平；身材,0,0
statute,n.法令,0,0
steer,v.駕駛,0,0
stepchild,n.妻與前夫(或夫與前妻)所生的孩子,0,0
stereotype,n.老套,0,0
steward,n.服務員,0,0
stimulation,n.刺激,0,0
stimulus,n.刺激(物),0,0
stoop,v.彎腰,0,0
storage,n.儲存,0,0
straighten,v.清理,0,0
strain,v.扭傷,0,0
strategic,adj.戰略(性)的,0,0
streak,n./v.條紋；快速移動,0,0
streetcar,n.(市內)有軌電車,0,0
stride,v.邁大步走,0,0
structural,adj.結構上的,0,0
sturdy,adj.強健的,0,0
subdue,v.使屈服,0,0
subjective,adj.主觀的,0,0
submit,v.提交,0,0
subscribe,v.訂購,0,0
subsequently,adv.後來,0,0
subsidy,n.補貼,0,0
substantially,adv.充足地,0,0
successive,adj.連續的,0,0
suckle,v.哺乳,0,0
suffering,n.苦難,0,0
suffocate,v.(使)窒息而死,0,0
sugarcane,n.甘蔗,0,0
suitcase,n.手提箱,0,0
summon,v.召喚,0,0
sunlight,n.陽光,0,0
sunset,n.日落,0,0
sunshine,n.陽光,0,0
superb,adj.極好的,0,0
superficial,adj.表面(皮)的,0,0
superfluous,adj.過多的,0,0
superhighway,n.超級高速公路,0,0
superimpose,v.使重疊,0,0
superintendent,n.監護人；警長,0,0
superiority,n.優越,0,0
supermarket,n.超級市場,0,0
superstition,n.迷信,0,0
superstitious,adj.迷信的,0,0
supervise,v.監督,0,0
supervisor,n.監督人,0,0
supplement,n.補充,0,0
supposedly,adv.據推測,0,0
suppress,v.鎮壓,0,0
surface,n./adj./v. 表面(的)；顯露,0,0
surge,v.洶湧向前,0,0
surname,n.姓,0,0
surrender,v.投降,0,0
survivor,n.生還者,0,0
suspension,n.中止,0,0
sway,v.(使)搖動,0,0
swift,adj.迅速的,0,0
syllabus,n.教學大綱,0,0
symmetry,n.對稱(性),0,0
synonym,n.同義詞,0,0
synthesis,n.綜合(體)；合成,0,0
systematically,adv.有系統地,0,0
tablespoon,n.大湯匙,0,0
tablet,n.藥片,0,0
tabloid,n.小報,0,0
taboo,n.禁忌,0,0
tackle,v.處理,0,0
tag,n.標籤,0,0
talkative,adj.健談的,0,0
tame,adj.馴∣服的,0,0
tan,v.(使)曬黑,0,0
tangerine,n.橘子,0,0
tangible,adj.明確的；實質的,0,0
tanker,n.油輪,0,0
tariff,n.關稅,0,0
teller,n.講故事者；銀行出納員,0,0
temperament,n.氣質,0,0
tempest,n.暴風(雨、雪),0,0
tempt,v.慫恿,0,0
temptation,n.誘惑,0,0
tenant,n.房客,0,0
tentative,adj.試驗性的,0,0
terminal,n.終點；總站,0,0
terminate,v.(使)終止,0,0
terrace,n.陽臺,0,0
testify,v.作證,0,0
theatrical,adj.戲劇的,0,0
theft,n.偷竊,0,0
then,adj./adv.那時,0,0
theologian,n.神學家,0,0
theological,adj.神學(上)的,0,0
theoretical,adj.理論(上)的,0,0
therapeutic,adj.有療效的,0,0
therapist,n.治療專家,0,0
thermal,adj.熱(量)的,0,0
thesis,n.論文,0,0
thigh,n.大腿,0,0
threshold,n.門檻；開端,0,0
thrift,n.節儉,0,0
thrill,v./n.使激動；興奮,0,0
thrilling,adj.令人激動的,0,0
thrive,v.興旺,0,0
thunderstorm,n.雷雨,0,0
thyroid,n.甲狀腺,0,0
tightly,adv.堅固地,0,0
token,n.記號,0,0
toll,n.通行費,0,0
toothbrush,n.牙刷,0,0
torture,v.拷打；折磨,0,0
totally,adj.完全地,0,0
touchstone,n.試金石；(檢驗)標準,0,0
tournament,n.錦標賽,0,0
tow,v./n.拖,0,0
toxic,adj.有毒的,0,0
tractor,n.拖拉機,0,0
tranquil,adj.寧靜的,0,0
tranquilizer,n.鎮靜劑,0,0
transcend,v.超越,0,0
transformation,n.轉變,0,0
transit,n.運輸,0,0
transition,n.過渡(期),0,0
transmission,n.傳播,0,0
transmit,v.傳播,0,0
transplant,v./n.移植,0,0
transport,n.運輸(系統),0,0
trauma,n.精神創傷；外傷,0,0
traverse,v.橫越,0,0
trespass,v.擅入,0,0
tribune,n.護民官,0,0
trigger,n./v.扳機；引發,0,0
trim,v.修剪,0,0
triumphant,adj.勝利的,0,0
trivial,adj.瑣碎的,0,0
trophy,n.獎品,0,0
tsunami,n.(源自日語)海嘯,0,0
tuberculosis,n.肺結核,0,0
tuition,n.學費,0,0
tumble,v.跌倒,0,0
tumor,n.腫瘤,0,0
turmoil,n.混亂,0,0
tumpike,n.付費高速公路,0,0
tutor,n.家庭教師,0,0
twig,n.細枝,0,0
tyrant,n.暴君,0,0
ulcer,n.潰瘍,0,0
ultimately,adv.最後,0,0
ultraviolet,adj.紫外(線)的,0,0
unanimously,adv.全體一致地,0,0
unaware,adj.沒有察覺到的,0,0
uncomfortable,adj.不舒服的,0,0
unconsciously,adv.無意識地,0,0
underdeveloped,adj.低度開發的,0,0
underestimate,v.低估,0,0
undergo,v.接受；經歷,0,0
undergraduate,n.大學肄業生,0,0
underground,adj.地(面)下的；祕密的,0,0
underline,v. 在…之下劃線,0,0
understandable,adj.可理解的,0,0
undertake,v.承擔,0,0
underwrite,v.為…保險,0,0
undesirable,adj.令人不快的,0,0
undue,adj.過份的,0,0
unemployed,adj.失業的,0,0
unemployment,n.失業人數,0,0
unexpectedly,adj.未料到地,0,0
unfair,adj.不公平的,0,0
unforgettable,adj.難忘的,0,0
unfortunate,adj.不幸的,0,0
ungrateful,adj.忘恩負義的,0,0
unify,v.統一,0,0
unlimited,adj.無限的,0,0
unload,v.從…卸下(貨物),0,0
unlock,v.開啟,0,0
unofficial,adj.非正式的,0,0
unpleasant,adj.使人不愉快的,0,0
unprecedented,adj.前所未有的,0,0
unpredictable,adj.不可預測的,0,0
unrest,n.動亂,0,0
untouched,adj.未觸動過的,0,0
unusually,adv.非常,0,0
upbringing,n.養育,0,0
upend,v.把…倒置,0,0
upgrade,v.提升,0,0
uplift,v.抬起,0,0
uproot,v.根除,0,0
uranium,n.鈾,0,0
urgency,n.緊急,0,0
usefulness,n.有效,0,0
usher,n.迎賓員,0,0
utensil,n.器皿,0,0
utmost,adj.極度的,0,0
Utopia,prop./n.烏托邦,0,0
utterly,adj.完全地,0,0
vacancy,n.空位,0,0
vaccine,n.疫苗,0,0
vacuum,n.真空；空虛(感),0,0
vaguely,adv.模糊地,0,0
validity,n.有效力,0,0
vanilla,n.香草,0,0
vanity,n.自負,0,0
vapor,n.水蒸氣,0,0
variable,adj.易變的,0,0
variation,n.變化,0,0
veil,n.面紗,0,0
vent,n.通風孔,0,0
venture,n.冒險(行為)；投機,0,0
Venus,n.維納斯女神；金星,0,0
verbal,adj.口頭的,0,0
verdict,n.判決,0,0
verify,v.證實,0,0
versatile,adj.多才多藝的,0,0
vertical,adj.垂直的,0,0
vet,n./v.獸醫；審查,0,0
vex,v.使惱怒,0,0
via,prep.取道,0,0
viable,adj.切實可行的,0,0
vibration,n.振動,0,0
vicious,adj.惡意的,0,0
victimize,v.使犧牲,0,0
vigor/vigour,n.精力,0,0
vigorously,adv.精力充沛地,0,0
villa,n.別墅,0,0
villain,n.反派角色,0,0
vine,n.葡萄(藤),0,0
vinegar,n.醋,0,0
vineyard,n.葡萄園,0,0
virtually,adv.幾乎,0,0
virtuous,adj.品德高尚的,0,0
visa,n.簽證,0,0
visualize,v.想像,0,0
vocal,adj.發音的,0,0
vocation,n.職業,0,0
vogue,n.流行,0,0
volcano,n.火山,0,0
vomit,v.嘔吐,0,0
vow,n.誓言,0,0
vulgar,adj.粗俗的,0,0
vulnerable,adj.脆弱的,0,0
Walkman,n.隨身聽,0,0
walnut,n.胡桃(樹),0,0
warrant,n.搜查令,0,0
warrior,n.戰士,0,0
warship,n.軍艦,0,0
wax,n.蠟,0,0
wayside,n.路邊,0,0
weaken,v.削弱,0,0
weary,adj.筋疲力竭的,0,0
weed,n.雜草,0,0
whatsoever,adj.任何的,0,0
wheelchair,n.輪椅,0,0
whereabouts,adv.在哪兒,0,0
whereby,adv.憑藉,0,0
whichever,adj./pron.無論哪個,0,0
wholesale,n./adj.批發；大批的,0,0
wholly,adv.完全地,0,0
widower,n.鰥夫,0,0
wilderness,n.荒野,0,0
wildly,adv.野生地,0,0
willingness,n.自願,0,0
withhold,v.保留,0,0
withstand,v.抵擋,0,0
woe,n.悲傷,0,0
wolf,n.色狼,0,0
worship,v.崇拜,0,0
wreckage,n.殘骸,0,0
yacht,n.帆船；遊艇,0,0
Yale,n.耶魯大學,0,0
yearn,v.渴望,0,0
yeast,n.酵母(菌),0,0
yield,v.出產,0,0
zeal,n.渴望,0,0
zealously,adv.熱心地,0,0
zebra,n.斑馬,0,0
zoology,n.動物學,0,0
